id,city,year,month,day,cloudiness,wind,temperature_min,temperature_max,temperature,humidity,pressure,dew,frost,fog,mist,haze,wind10,snow,snow_cover,rain
350190566,KRAK‡W-BALICE,2023,11,1,4.5,3.3,6.6,14.6,9.9,83,982.2,4,0,0,0,0,0,0,0,0
350190566,KRAK‡W-BALICE,2023,11,2,4.4,3.5,2.8,17.9,9.6,76.9,973.8,14.3,0,0,0,0,0,0,0,1
350190566,KRAK‡W-BALICE,2023,11,3,7.3,5.1,9.8,14.2,12.3,75.4,961.6,0,0,0,0,0,0.3,0,0,0.3
350190566,KRAK‡W-BALICE,2023,11,4,3.6,2.6,5.4,14.5,7.7,73.3,967.9,0,0,0,1.7,0,0,0,0,0
350190566,KRAK‡W-BALICE,2023,11,5,5.8,1.8,1,9.2,6,93.8,961.9,0,0,1.7,2.4,0,0,0,0,6.4
350190566,KRAK‡W-BALICE,2023,11,6,3.6,6.9,5.9,13.6,10.3,70.4,976.8,0,0,0,0.7,0,6.4,0,0,0.4
350190566,KRAK‡W-BALICE,2023,11,7,2.9,2.6,0.9,14.1,6.5,81.4,986.1,0,2,0,6.3,0,0,0,0,0.8
350190566,KRAK‡W-BALICE,2023,11,8,6.8,3,4.7,10.4,6.8,88.9,987.1,0,0,0,6.8,0,0,0,0,1.1
350190566,KRAK‡W-BALICE,2023,11,9,5.6,1.8,-0.3,13.7,6.1,75.9,985.6,0,0,0,3.5,0,0,0,0,0
350190566,KRAK‡W-BALICE,2023,11,10,7.5,1.8,3.3,11.6,7.5,83.8,978.3,0,0,0,4.9,0,0,0,0,10.8
350190566,KRAK‡W-BALICE,2023,11,11,7.9,2.3,6.5,8.8,7.2,93.3,973.9,0,0,0,19.2,0,0,0,0,11.9
350190566,KRAK‡W-BALICE,2023,11,12,6.8,3.6,4.9,7.3,5.5,89.6,979.4,0,0,0,8.2,0,0,0,0,0.4
350190566,KRAK‡W-BALICE,2023,11,13,6.8,1.9,1.9,7.5,4.3,82.1,983,0,0,0,2.6,0,0,0,0,4.1
350190566,KRAK‡W-BALICE,2023,11,14,6.9,6.3,1.2,12.2,9.7,77.1,976.4,0,0,0,1.5,0,3.1,0,0,4.4
350190566,KRAK‡W-BALICE,2023,11,15,7.4,6.5,7.6,11.5,8.6,83.5,978.9,0,0,0,0,0,0,0,0,2.4
350190566,KRAK‡W-BALICE,2023,11,16,7.5,1.9,4.2,9.5,6.4,90.8,986.4,0,0,0,5.9,0,0,0,0,5.4
350190566,KRAK‡W-BALICE,2023,11,17,8,4.5,2.6,6.9,4.9,91.5,982.4,0,0,0,7.8,0,0,0,0,2.5
350190566,KRAK‡W-BALICE,2023,11,18,8,3.8,1.1,4.1,2.1,87.9,991.9,0,0,0,0,0,0,0,0,0.8
350190566,KRAK‡W-BALICE,2023,11,19,7.9,2,0,3.5,2,90.8,986.2,0,0,0,10.8,0,0,0,0,3.8
350190566,KRAK‡W-BALICE,2023,11,20,7.9,3.5,2.5,8.7,7.6,93.9,980,0,0,0,2.7,0,0,0,0,9.3
350190566,KRAK‡W-BALICE,2023,11,21,7.9,4.1,6,8.7,6.7,92.6,982.4,0,0,0,4.2,0,0,0.8,0,1
350190566,KRAK‡W-BALICE,2023,11,22,8,2.6,-1.6,6.8,-1,90.5,995.7,0,0,0,4.8,0,0,4.7,2,0
350190566,KRAK‡W-BALICE,2023,11,23,7.3,8.3,-1.6,6.8,3.1,78.6,986,0,0,0,0,0,12.6,0,1,1.5
350190566,KRAK‡W-BALICE,2023,11,24,5.9,8.4,0.4,7.7,4.2,79,968.7,0,0,0,0,0,7.4,2,0,1.4
350190566,KRAK‡W-BALICE,2023,11,25,6,4.3,-1.1,1.4,0.3,89.3,971.2,0,0,0,0,0,0,9.5,0,0.6
350190566,KRAK‡W-BALICE,2023,11,26,6.6,5.4,-2,0.1,-1.1,82,979.2,0,0,0,0,0,0,8,2,0.3
350190566,KRAK‡W-BALICE,2023,11,27,6.4,2.8,-2.9,0.3,-1.8,81,978.8,0,0,0,4.8,0,0,5.8,3,1.6
350190566,KRAK‡W-BALICE,2023,11,28,8,4,-2.6,-0.8,-1.8,93.5,967.8,0,0,0,17.4,0,0,23.3,3,0.7
350190566,KRAK‡W-BALICE,2023,11,29,4.4,3.1,-8.1,-1.7,-5.1,86.4,978.4,0,0,0,12.9,0,0,0.3,5,0
350190566,KRAK‡W-BALICE,2023,11,30,4.9,1.3,-9.9,3.1,-2.9,83.1,976.7,0,0,0,9.3,0,0,0,4,0
350190566,KRAK‡W-BALICE,2022,11,1,5.6,3,5.5,16.5,9.9,89.5,990.4,6,0,4.6,4.6,0,0,0,0,0
350190566,KRAK‡W-BALICE,2022,11,2,5,3.4,8.5,16.6,11.9,81.8,993.3,14,0,0,2,0,0,0,0,0
350190566,KRAK‡W-BALICE,2022,11,3,3.1,2.1,2.2,14.3,8.5,80.4,992.2,3.3,0,0.3,6.6,0,0,0,0,0
350190566,KRAK‡W-BALICE,2022,11,4,6.6,2.6,6.7,15.3,10.5,78.9,979.9,0,0,0,6.3,0,0,0,0,4.4
350190566,KRAK‡W-BALICE,2022,11,5,7.9,3.3,8.3,12.1,9,92,985,0,0,0,9.8,0,0,0,0,10.8
350190566,KRAK‡W-BALICE,2022,11,6,6.5,2.5,6.2,9.7,8,88.9,991.4,5,0,0,7.1,0,0,0,0,0
350190566,KRAK‡W-BALICE,2022,11,7,4.9,2.5,6.7,12.2,8.2,85.4,989.3,10,0,0,11,0,0,0,0,0
350190566,KRAK‡W-BALICE,2022,11,8,2.1,1.1,0.8,16.2,6.9,82.4,990.3,5.4,0,0,10.4,0,0,0,0,0
350190566,KRAK‡W-BALICE,2022,11,9,3.4,0.1,-0.5,15.6,6.1,84.6,988.9,3.4,0,4.9,10,0,0,0,0,0
350190566,KRAK‡W-BALICE,2022,11,10,6.1,2,2,10.7,6.7,93.3,995.5,0,0,5.2,18.8,0,0,0,0,0.2
350190566,KRAK‡W-BALICE,2022,11,11,6.5,2.5,1.8,12.7,7.5,85.1,1003,7,0,1.2,7.7,0,0,0,0,0
350190566,KRAK‡W-BALICE,2022,11,12,4.6,1.9,1.9,13.3,6.8,84.9,1003.8,10.8,0,0,12.2,0,0,0,0,0
350190566,KRAK‡W-BALICE,2022,11,13,8,2.1,4,7,5.9,92.3,1002.3,15.4,0,1,23,0,0,0,0,0
350190566,KRAK‡W-BALICE,2022,11,14,8,3,4.4,5.8,4.9,97.3,996.6,0,0,14.8,9.3,0,0,0,0,0
350190566,KRAK‡W-BALICE,2022,11,15,6.9,1.1,2.8,8.9,5.8,94.8,987.1,0,0,10.7,10.5,0,0,0,0,2
350190566,KRAK‡W-BALICE,2022,11,16,8,2.6,4.6,7.9,6,94.8,977.6,0,0,4.3,16.6,0,0,0,0,12.7
350190566,KRAK‡W-BALICE,2022,11,17,8,5.9,0.6,4.6,1.4,91.4,976.5,0,0,0,0,0,0,2.6,0,0.7
350190566,KRAK‡W-BALICE,2022,11,18,8,4,-1.5,0.7,-0.8,87,975.8,0,0,0,6.4,0,0,9.1,2,0.3
350190566,KRAK‡W-BALICE,2022,11,19,6.3,2,-3.4,-0.8,-2.4,79.4,983.9,0,0,0,5.2,0,0,1.8,1,0
350190566,KRAK‡W-BALICE,2022,11,20,4.1,1.1,-8.4,-0.9,-4.4,91.5,983.3,0,0,0,24,0,0,2.3,0,0
350190566,KRAK‡W-BALICE,2022,11,21,6.5,1.6,-4.5,3,0,92.4,978.4,0,0,1.7,22.3,0,0,0,1,0.3
350190566,KRAK‡W-BALICE,2022,11,22,6,3.4,-2.9,4.9,0.9,92.5,977.2,0,0,7.5,5.3,0,0,0,0,0
350190566,KRAK‡W-BALICE,2022,11,23,7.5,4.1,-1.1,2.8,0,95.4,977.8,0,0,0,24,0,0,0,0,0
350190566,KRAK‡W-BALICE,2022,11,24,8,2.5,0.3,1.2,0.5,93.9,982.3,0,0,0,18.3,0,0,9.9,0,5.3
350190566,KRAK‡W-BALICE,2022,11,25,7.9,1.5,0.3,5.5,3,95,990,0,0,1.4,22.6,0,0,0,0,1.5
350190566,KRAK‡W-BALICE,2022,11,26,7.3,1.8,-0.7,5.8,3.8,94.3,996.8,0,0,5,12.7,0,0,0,0,0.3
350190566,KRAK‡W-BALICE,2022,11,27,8,1.4,1.8,5.3,2.7,89,1000.2,0,0,0,6.8,0,0,0,0,0
350190566,KRAK‡W-BALICE,2022,11,28,4.1,3.3,0,5.1,1.6,88.1,993.9,0,1,0,8.3,0,0,0,0,0
350190566,KRAK‡W-BALICE,2022,11,29,6.9,3.1,-4.2,0.3,-2,97.1,994.6,0,4.2,9.2,14.8,0,0,0.3,0,0
350190566,KRAK‡W-BALICE,2022,11,30,8,4.3,-1.8,-0.4,-1.1,94,998.1,0,0,0,15.8,0,0,0,0,0
350190566,KRAK‡W-BALICE,2021,11,1,1.1,2,-1.6,17.3,6.8,76.3,979.7,2,5,0,6.7,0,0,0,0,0.9
350190566,KRAK‡W-BALICE,2021,11,2,8,2.3,5,8.5,7.7,93.1,974.9,0,0,0,19.8,0,0,0,0,14.8
350190566,KRAK‡W-BALICE,2021,11,3,3.8,2.5,3,14.6,8.7,79.9,979.1,3.7,0,1,5.6,0,0,0,0,0.7
350190566,KRAK‡W-BALICE,2021,11,4,5.9,4.8,7.2,19.1,9.8,81.5,976.5,0,0,0,0,0,0.2,0,0,0
350190566,KRAK‡W-BALICE,2021,11,5,2.9,4.6,2.4,11,6.5,75.5,990.1,0,0,0,0,0,0,0,0,0
350190566,KRAK‡W-BALICE,2021,11,6,3.4,3.8,2.9,11.7,6.3,79.3,998.6,6,0,0,4.6,0,0,0,0,0
350190566,KRAK‡W-BALICE,2021,11,7,4.9,2.8,-2.1,12.2,5.3,78.4,988.9,0.8,0,0,8.7,0,0,0,0,0.2
350190566,KRAK‡W-BALICE,2021,11,8,7.4,4,3.7,9.4,7,82.5,990.5,0,0,0,2.2,0,0,0,0,0.6
350190566,KRAK‡W-BALICE,2021,11,9,6.3,2.9,5,9.1,6.5,93.1,1000.9,1.7,0,2.3,12.8,0,0,0,0,0
350190566,KRAK‡W-BALICE,2021,11,10,5.1,1.4,-0.5,11.3,3.9,90.5,1000.7,0,0,7.7,7.9,0,0,0,0,0
350190566,KRAK‡W-BALICE,2021,11,11,2.4,0.9,-1.8,11.9,3.7,87.8,996.2,0,0,4.2,14.6,0,0,0,0,0
350190566,KRAK‡W-BALICE,2021,11,12,6.9,2.4,0,6.4,4.1,93.1,994.5,5,0,2.2,17.8,0,0,0,0,0
350190566,KRAK‡W-BALICE,2021,11,13,8,2.3,3.1,5.1,3.9,95.3,989.9,10.4,0,1.8,22.3,0,0,0,0,0
350190566,KRAK‡W-BALICE,2021,11,14,8,1.6,2.2,6.2,4.7,91,994.4,8,0,0,24,0,0,0,0,0
350190566,KRAK‡W-BALICE,2021,11,15,8,4.4,4,6.4,5.2,91.8,1000,0,0,0,23.7,0,0,0,0,0
350190566,KRAK‡W-BALICE,2021,11,16,8,1.8,3.2,6.3,4.6,93.4,998,0,0,6.9,13.9,0,0,0,0,0
350190566,KRAK‡W-BALICE,2021,11,17,7.6,1.8,0.9,6.9,3.8,94.6,993.1,0,0,9.8,1.5,0,0,0,0,0.1
350190566,KRAK‡W-BALICE,2021,11,18,7.6,5.3,4.8,8,6,87.5,995.7,0,0,0,3.3,0,0,0,0,0.1
350190566,KRAK‡W-BALICE,2021,11,19,7.9,8.5,5.8,9,7.7,91.6,992.7,0,0,0,13.9,0,2.6,0,0,0.6
350190566,KRAK‡W-BALICE,2021,11,20,7.8,6.4,8.2,11.4,9.2,90.4,991.4,0,0,0,2.2,0,0,0,0,0
350190566,KRAK‡W-BALICE,2021,11,21,6.1,2.9,4.6,10.6,8,82.9,982.6,0,0,0,0,0,0,0,0,0
350190566,KRAK‡W-BALICE,2021,11,22,8,2.1,4,7.7,5.4,90.4,988.6,0,0,0,8.4,0,0,0,0,2
350190566,KRAK‡W-BALICE,2021,11,23,6.5,4.8,0.4,5.2,3,78.8,996.5,0,0,0,1.2,0,0,0,0,0.2
350190566,KRAK‡W-BALICE,2021,11,24,6.6,2,2.7,5.7,3.4,86.3,995.4,0,2,0,11.5,0,0,0,0,0
350190566,KRAK‡W-BALICE,2021,11,25,0.4,1.6,-3.6,6.8,0.3,84.8,983.7,0,12,0,14.2,0,0,0,0,0
350190566,KRAK‡W-BALICE,2021,11,26,8,1.6,-2,3.5,2.3,96.4,971.4,0,3,0,22.9,0,0,0,0,18.5
350190566,KRAK‡W-BALICE,2021,11,27,7.4,2.8,0.9,5.2,2.6,87.1,967.7,0,0,0,4.6,0,0,2.8,0,0.5
350190566,KRAK‡W-BALICE,2021,11,28,8,2.6,0.7,4.1,2.8,96.3,967.6,0,0,2.8,21.2,0,0,0,0,1.6
350190566,KRAK‡W-BALICE,2021,11,29,7.9,6.4,0.4,3.8,1,91.4,969.4,0,0,0,8.1,0,0,10.6,0,0
350190566,KRAK‡W-BALICE,2021,11,30,7.9,7.9,0.5,3.3,1.6,87.3,972.8,0,0,0,0,0,9.2,11.7,0,3.2
350190566,KRAK‡W-BALICE,2020,11,1,7.4,1.9,2.5,9.5,6.4,94.1,992.3,0,0,7.8,6.8,0,0,0,0,0.6
350190566,KRAK‡W-BALICE,2020,11,2,6.4,1.3,4.2,12.2,9.6,98.4,988.8,0,0,5.1,14.9,0,0,0,0,1.6
350190566,KRAK‡W-BALICE,2020,11,3,7.6,1.9,10.2,16.3,13.5,95.1,992.4,8,0,5.6,3.7,0,0,0,0,0.3
350190566,KRAK‡W-BALICE,2020,11,4,8,2.6,9.3,14.2,10.7,94.3,998.2,4,0,0,16.3,0,0,0,0,15.5
350190566,KRAK‡W-BALICE,2020,11,5,4,2.1,3,9.3,5.9,86.1,1006.3,7,0,0,6.8,0,0,0,0,0
350190566,KRAK‡W-BALICE,2020,11,6,5.3,3.4,-0.2,10.5,5.6,86.4,1004.7,17,0,0,13.7,0,0,0,0,0
350190566,KRAK‡W-BALICE,2020,11,7,4.8,1.9,5.3,10.4,7.2,91.6,1002.5,1.1,0,2.7,17.9,0,0,0,0,0
350190566,KRAK‡W-BALICE,2020,11,8,3.5,1.1,2,13.2,6.1,91,997.9,6.8,0,8.6,8.8,0,0,0,0,0
350190566,KRAK‡W-BALICE,2020,11,9,7,3.3,0.3,5.7,3.5,99.8,1000.1,0,0,11,13,0,0,0,0,0
350190566,KRAK‡W-BALICE,2020,11,10,8,3.8,2.8,5.2,4.4,98.6,1001.7,0,0,0,24,0,0,0,0,0
350190566,KRAK‡W-BALICE,2020,11,11,8,2,3.6,5.1,4.3,93.9,1000.9,0,0,0,12.8,0,0,0,0,0
350190566,KRAK‡W-BALICE,2020,11,12,8,1.8,4,6.2,4.9,86.9,996.9,0,0,0,7.4,0,0,0,0,0
350190566,KRAK‡W-BALICE,2020,11,13,7.6,1.5,4.6,10.1,7,82.4,994.9,10,0,0,2.2,0,0,0,0,0
350190566,KRAK‡W-BALICE,2020,11,14,5.3,1.8,0.9,10.5,5.8,89.8,994.2,1.8,0,0,14,0,0,0,0,0
350190566,KRAK‡W-BALICE,2020,11,15,4.4,1,1.4,12.5,5.6,90.9,992.3,7,0,4,13.5,0,0,0,0,0
350190566,KRAK‡W-BALICE,2020,11,16,6.4,3.4,0.3,10.7,6,87.8,989,13,0,0,2.8,0,0,0,0,0
350190566,KRAK‡W-BALICE,2020,11,17,5.9,2,4.5,11.9,8.4,82.3,997.4,8.7,0,0,7.6,0,0,0,0,0
350190566,KRAK‡W-BALICE,2020,11,18,6,1.6,3.6,13.3,7.8,83.9,1000.1,13.8,0,0,9.3,0,0,0,0,0
350190566,KRAK‡W-BALICE,2020,11,19,5,3.3,-0.7,14.3,5.9,83.9,992.1,0,0,0,9.7,0,0,0,0,0.9
350190566,KRAK‡W-BALICE,2020,11,20,5.1,3.8,1,7,3.4,76.9,998.3,2,3,0,3.9,0,0,0,0,0
350190566,KRAK‡W-BALICE,2020,11,21,3.9,2.3,-2.7,4.3,0.1,84.1,1005.4,0,10,0,15.1,0,0,0,0,0
350190566,KRAK‡W-BALICE,2020,11,22,4.6,3.1,-3.8,8.7,2.2,62,998.1,0,8,0,2.8,0,0,0,0,0
350190566,KRAK‡W-BALICE,2020,11,23,7.5,4,2.9,5.9,4.4,72.4,996.8,0,0,0,0,0,0,0,0,0.1
350190566,KRAK‡W-BALICE,2020,11,24,3.6,2.5,0,8.3,3.9,79.1,999.5,0,5,0,6.7,0,0,0,0,0
350190566,KRAK‡W-BALICE,2020,11,25,0.5,1.6,-5.1,5.9,-0.7,87.3,995.1,0,14,0,15.5,0,0,0,0,0
350190566,KRAK‡W-BALICE,2020,11,26,1.6,3,-6.6,3.6,-1.6,89.1,994.2,0,13,0,19.1,0,0,0,0,0
350190566,KRAK‡W-BALICE,2020,11,27,7.6,3,-1.7,1.8,0.8,93.9,993,0,7,0,24,0,0,0,0,1.6
350190566,KRAK‡W-BALICE,2020,11,28,7.5,3.4,1.2,3.4,1.9,90.5,992,0,0,0,10.3,0,0,0.9,0,1
350190566,KRAK‡W-BALICE,2020,11,29,7.8,1.8,-0.5,1.8,0.2,93.5,992,0,0,0,15.3,0,0,16.5,3,1.7
350190566,KRAK‡W-BALICE,2020,11,30,8,1.4,-1.9,0.8,-0.6,94.8,996.3,0,0,0.4,23.7,0,0,3.4,1,0
350190566,KRAK‡W-BALICE,2019,11,1,7.5,2.3,-3.2,5.1,0,97,992,0,0,16.6,7.4,0,0,0,0,0
350190566,KRAK‡W-BALICE,2019,11,2,7.1,1.5,-1.5,11.1,5.1,88.4,976.3,0,0,0,13.3,0,0,0,0,0.1
350190566,KRAK‡W-BALICE,2019,11,3,4.6,3,2.6,19.1,11.4,79,968.9,3,0,0,6.5,0,0,0,0,0
350190566,KRAK‡W-BALICE,2019,11,4,6.6,3.3,8.5,17.6,11.2,91.3,966.1,2.8,0,0,5.9,0,0,0,0,4.4
350190566,KRAK‡W-BALICE,2019,11,5,6.1,0.9,4.2,10.7,8.2,96,970.9,0,0,1.2,11,0,0,0,0,9.4
350190566,KRAK‡W-BALICE,2019,11,6,5,2.3,5.2,12.2,7.8,87.6,974.6,4,0,0,14.6,0,0,0,0,0.1
350190566,KRAK‡W-BALICE,2019,11,7,5.8,1.4,1.7,12.6,5.8,87.3,979.4,10.8,0,0,13,0,0,0,0,0
350190566,KRAK‡W-BALICE,2019,11,8,7,2.9,0.8,7.4,4.3,99.8,981.8,0.8,0,12.3,11.8,0,0,0,0,0
350190566,KRAK‡W-BALICE,2019,11,9,7.8,2.3,4.9,9.6,7,97.8,980.5,0,0,6.6,11.3,0,0,0,0,2
350190566,KRAK‡W-BALICE,2019,11,10,8,1.6,5.2,8.8,6.1,96.8,983.8,0,0,0,21.9,0,0,0,0,19.8
350190566,KRAK‡W-BALICE,2019,11,11,4.6,2.5,3.8,8.9,4.9,89.9,987.1,0,0,0,9.4,0,0,0,0,0
350190566,KRAK‡W-BALICE,2019,11,12,6.5,3.1,1.8,9.5,6.7,89.9,981.1,0,0,0,0,0,0,0,0,1.9
350190566,KRAK‡W-BALICE,2019,11,13,7.3,3,7.5,16.2,9.9,91.1,974.1,0,0,0,13.8,0,0.2,0,0,2.1
350190566,KRAK‡W-BALICE,2019,11,14,7,3.5,1,7.5,5.2,92.1,983.6,0,0,0.2,6.3,0,0,0,0,0
350190566,KRAK‡W-BALICE,2019,11,15,8,3.9,6.3,10.7,8.3,99.8,983.8,0,0,10.6,13.4,0,0,0,0,0
350190566,KRAK‡W-BALICE,2019,11,16,5.6,3.3,5.6,17.4,10.3,84.5,984.9,0,0,3.9,4.1,0,0,0,0,0
350190566,KRAK‡W-BALICE,2019,11,17,5.8,2.8,5.1,14.3,9.8,87.3,987,2,0,0,8.3,0,0,0,0,0
350190566,KRAK‡W-BALICE,2019,11,18,5.3,2.9,5.9,12.5,9.3,84.3,983.8,8,0,0,0,0,0,0,0,0
350190566,KRAK‡W-BALICE,2019,11,19,4,2.6,0.7,11.3,5.7,87.6,992,15,0,0,4.8,0,0,0,0,0
350190566,KRAK‡W-BALICE,2019,11,20,6.3,3.9,-1,9.1,4.9,95.8,989.6,9,4,0,16.8,0,0,0,0,0.1
350190566,KRAK‡W-BALICE,2019,11,21,7,4.3,6.3,10.8,8.5,94.1,985.8,0,0,0,1.1,0,0,0,0,0.6
350190566,KRAK‡W-BALICE,2019,11,22,7,5.8,2.2,8.6,4.7,93.3,988.6,6,0,0,4.5,0,0,0,0,0
350190566,KRAK‡W-BALICE,2019,11,23,5.3,4.5,0,5.9,1.7,96.5,987.3,13.8,0,2.2,17.8,0,0,0,0,0
350190566,KRAK‡W-BALICE,2019,11,24,8,4.9,0.9,3.2,1.9,99.9,986.4,0,0,10.6,13.4,0,0,0,0,0
350190566,KRAK‡W-BALICE,2019,11,25,7.9,3.4,1.1,3.3,2.4,98.4,985.8,0,0,3.6,20.4,0,0,0,0,0
350190566,KRAK‡W-BALICE,2019,11,26,8,3.1,1,3.2,1.9,100,983.9,0,0,17.2,6.8,0,0,0,0,0
350190566,KRAK‡W-BALICE,2019,11,27,7.8,2.5,0.4,4.4,2.6,100,976.7,0,0,12.6,11.4,0,0,0,0,0
350190566,KRAK‡W-BALICE,2019,11,28,6,0.9,0.3,8.3,4.4,99.4,972.4,0,0,5.7,18.1,0,0,0,0,0
350190566,KRAK‡W-BALICE,2019,11,29,6,4.6,3.3,10.2,6.6,89,974.3,0,0,0,2.1,0,0,0,0,2.6
350190566,KRAK‡W-BALICE,2019,11,30,4.9,5,-0.8,4.9,1.7,77,989.4,0,2,0,4.7,0,0,1.1,0,0.2
350190566,KRAK‡W-BALICE,2018,11,1,5,2.6,2.5,18.8,11.2,74.4,992,7,0,0,6.7,0,0,0,0,0.1
350190566,KRAK‡W-BALICE,2018,11,2,5.9,1,11,21.9,15,73.3,993.2,0,0,0,2.3,0,0,0,0,2.8
350190566,KRAK‡W-BALICE,2018,11,3,8,2.1,10.3,14.3,11.7,95.8,997.3,0,0,1.4,22.6,0,0,0,0,0.2
350190566,KRAK‡W-BALICE,2018,11,4,8,4,9.6,12,10.9,96.6,994.8,0,0,2.2,18.8,0,0,0,0,0
350190566,KRAK‡W-BALICE,2018,11,5,7.1,2.6,10.4,14.1,11.7,93,991.1,0,0,6.3,15,0,0,0,0,0
350190566,KRAK‡W-BALICE,2018,11,6,3.4,1.9,4.2,17.1,9.3,87,990.3,7,0,6.8,7.3,0,0,0,0,0
350190566,KRAK‡W-BALICE,2018,11,7,1,2.5,1.4,15.3,6.9,87.3,989.4,11.8,0,0.3,13.7,0,0,0,0,0
350190566,KRAK‡W-BALICE,2018,11,8,2.6,0.8,2,16.6,8.3,85.8,992,7.8,0,3.5,16.6,0,0,0,0,0
350190566,KRAK‡W-BALICE,2018,11,9,5.8,1,2.9,13,7,93.5,990.9,0,0,12.7,11.3,0,0,0,0,0
350190566,KRAK‡W-BALICE,2018,11,10,4.1,1.4,3.7,12.1,6.4,94,987.2,3.8,0,12.6,11.4,0,0,0,0,0
350190566,KRAK‡W-BALICE,2018,11,11,4.3,1.4,-0.2,14.4,5.5,90.6,988.6,0,0,9.6,7.9,0,0,0,0,0
350190566,KRAK‡W-BALICE,2018,11,12,2.1,1,0.5,14.6,6.4,90.5,994.6,0,0,8.4,10.6,0,0,0,0,0
350190566,KRAK‡W-BALICE,2018,11,13,4.3,2.3,1.5,16.5,8.4,86.6,995.2,0,0,0.3,10,0,0,0,0,2
350190566,KRAK‡W-BALICE,2018,11,14,7,4.1,6.7,12.6,8.4,86.9,999.8,0,0,0,2.1,0,0,0,0,1.1
350190566,KRAK‡W-BALICE,2018,11,15,6.9,1.8,5.6,9.2,7.1,84.4,1002,0,0,0,6.7,0,0,0,0,0
350190566,KRAK‡W-BALICE,2018,11,16,7.6,5.8,3.7,6.3,4.3,82.5,1006.4,0,0,0,0,0,0,0,0,0
350190566,KRAK‡W-BALICE,2018,11,17,2.9,5,-2.1,3.7,-0.2,77.4,1007.2,0,3,0,1.6,0,0,0,0,0
350190566,KRAK‡W-BALICE,2018,11,18,5.1,1.8,-4.7,0.5,-1.6,81.4,998.3,0,9,0,7.8,0,0,4.8,0,0.2
350190566,KRAK‡W-BALICE,2018,11,19,8,5.3,-0.9,0.6,-0.2,90.6,991.6,0,0,0,6.6,0,0,5.9,0,0
350190566,KRAK‡W-BALICE,2018,11,20,8,7.6,-0.5,0.5,-0.1,89.8,990.3,0,0,0,14.8,0,1.9,4.8,0,4.1
350190566,KRAK‡W-BALICE,2018,11,21,8,6.1,-0.7,0.3,-0.1,92.6,991.3,0,0,0,19,0,0,3,1,0.2
350190566,KRAK‡W-BALICE,2018,11,22,8,4.6,-0.4,0.6,0,93.8,995.1,0,0,0,24,0,0,2.2,1,0
350190566,KRAK‡W-BALICE,2018,11,23,8,3.5,-0.2,1.5,0.7,97,996.1,0,0,7.2,16.8,0,0,0,0,0
350190566,KRAK‡W-BALICE,2018,11,24,7.8,2.3,-0.3,4.9,2.5,98,987.6,0,0,7.3,16.7,0,0,0,0,0.8
350190566,KRAK‡W-BALICE,2018,11,25,7.8,2.1,4.4,7,5.6,94,984.2,0,0,0,24,0,0,0,0,0
350190566,KRAK‡W-BALICE,2018,11,26,8,7.5,1.2,5.7,3.2,87.3,980.2,0,2,0,5.3,0,0,0,0,0.2
350190566,KRAK‡W-BALICE,2018,11,27,6.6,3.9,-1.6,1.2,-1,80.8,988.5,0,4.6,0,0,0,0,1,0,0
350190566,KRAK‡W-BALICE,2018,11,28,5.1,3,-3.7,1.3,-1.8,82.4,999.4,0,13,0,3,0,0,0,0,0
350190566,KRAK‡W-BALICE,2018,11,29,0.5,4.1,-8,-0.7,-5,80.8,1003.1,0,16,0,0,0,0,0,0,0
350190566,KRAK‡W-BALICE,2018,11,30,1.4,3.8,-8.3,0.6,-5.3,76.8,996,0,16,0,0,0,0,0,0,0
350190566,KRAK‡W-BALICE,2017,11,1,7.8,6.6,1.6,8.6,6.7,78.9,990.9,0.3,0,0,0,0,0,0,0,0
350190566,KRAK‡W-BALICE,2017,11,2,7.6,4.1,6.6,13.4,9,85.4,983.5,7,0,0,3.8,0,0,0,0,3.7
350190566,KRAK‡W-BALICE,2017,11,3,7.5,3.5,7.4,9.4,8.1,91.5,987.5,5,0,0,11.1,0,0,0,0,0.5
350190566,KRAK‡W-BALICE,2017,11,4,3.3,1.1,-0.3,12.7,6.3,82.1,989.3,6.5,0,6.3,6.3,0,0,0,0,0
350190566,KRAK‡W-BALICE,2017,11,5,5.3,2.1,0,15.8,6.3,79.5,983.8,14,0,0,6.8,0,0,0,0,0
350190566,KRAK‡W-BALICE,2017,11,6,6.8,1.4,2.2,13.1,7.5,82.9,988.8,15,0,0,10.1,0,0,0,0,0
350190566,KRAK‡W-BALICE,2017,11,7,7.6,3.5,5.7,9.5,7.1,84.3,994.4,14,0,0,12.9,0,0,0,0,0
350190566,KRAK‡W-BALICE,2017,11,8,7.9,5.1,4.5,6.1,5.1,84.3,992.4,13,0,0,0,0,0,0,0,0.1
350190566,KRAK‡W-BALICE,2017,11,9,8,2,3.4,7.1,5.5,89.3,992.5,3.8,0,0,23.7,0,0,0,0,0
350190566,KRAK‡W-BALICE,2017,11,10,8,3.4,5.6,8.5,7.3,79.5,987.4,0,0,0,8.3,0,0,0,0,2.6
350190566,KRAK‡W-BALICE,2017,11,11,6.4,5.1,3.8,7.8,5.6,75.9,980,0,0,0,0,0,0.2,0,0,2.6
350190566,KRAK‡W-BALICE,2017,11,12,6.1,3.8,2.7,7,4.3,82.8,975.4,0,0,0,5.3,0,0,0,0,5.7
350190566,KRAK‡W-BALICE,2017,11,13,7.9,3.4,2.3,5.4,3.6,93.9,977.6,0,0,0,20.2,0,0,0,0,5.2
350190566,KRAK‡W-BALICE,2017,11,14,5.1,2.5,0.8,4.7,2.5,88.3,993.2,0,2,0,14.6,0,0,0,0,0
350190566,KRAK‡W-BALICE,2017,11,15,5.1,1.5,-4.1,5.8,0.8,88.8,997.9,3,3.3,1.1,18.9,0,0,0,0,0
350190566,KRAK‡W-BALICE,2017,11,16,3.1,2,-3.9,7.7,1.7,84,997.4,1.1,0,5,12.3,0,0,0,0,1.6
350190566,KRAK‡W-BALICE,2017,11,17,7.8,2.5,0.3,5.1,3.5,91,993.7,0,0,0,24,0,0,0,0,1.3
350190566,KRAK‡W-BALICE,2017,11,18,6.9,1.9,1.3,4.4,3.3,85.5,988.8,4,0,0,9.3,0,0,0,0,0.5
350190566,KRAK‡W-BALICE,2017,11,19,6.1,5.1,1.1,6,3.4,77.5,980.6,0,0,0,0,0,0.5,0.3,0,2.5
350190566,KRAK‡W-BALICE,2017,11,20,7.5,6.9,0.6,4.2,1.7,85.8,983.2,0,0,0,3.7,0,0.3,0.9,0,2.1
350190566,KRAK‡W-BALICE,2017,11,21,7.9,1.9,0.9,4,2.4,90.9,984.2,0,0,0,15.9,0,0,0,0,3.1
350190566,KRAK‡W-BALICE,2017,11,22,8,1.9,2.6,7,5,95.3,983.8,0,0,2.5,21.5,0,0,0,0,0.7
350190566,KRAK‡W-BALICE,2017,11,23,4.3,2.1,-0.7,10.6,4.3,91.8,985.9,0,0,5.9,13.6,0,0,0,0,0
350190566,KRAK‡W-BALICE,2017,11,24,4.8,1,-1.7,11.3,3.5,91.1,987.7,0,0,6.4,14.3,0,0,0,0,0
350190566,KRAK‡W-BALICE,2017,11,25,6,2.8,0,12.6,6.2,85.3,982.4,0,0,4.8,6.1,0,0,0,0,1.5
350190566,KRAK‡W-BALICE,2017,11,26,7.8,3.4,1.5,11,3.4,83.8,988.7,0,0,0,4.7,0,0,0,0,0
350190566,KRAK‡W-BALICE,2017,11,27,4.6,2,-1.3,2.7,0.3,88.9,992.3,0,4.3,3.3,11.3,0,0,0.3,0,0
350190566,KRAK‡W-BALICE,2017,11,28,5.1,1,-5.1,5.7,-0.9,87.5,983.4,0,3,0,12.1,0,0,0,0,3.5
350190566,KRAK‡W-BALICE,2017,11,29,8,1.5,-1.3,2,0.6,94.8,980,0,0.6,3.9,17.4,0,0,4.8,0,5.9
350190566,KRAK‡W-BALICE,2017,11,30,8,3.6,0,0.9,0.2,96.3,972.8,0,0,0,21.3,0,0,24,3,13.5
350190566,KRAK‡W-BALICE,2016,11,1,7.1,2,4.6,10.9,7.6,87.4,991,0,0,0,7.1,0,0,0,0,0.7
350190566,KRAK‡W-BALICE,2016,11,2,6.9,5.4,3.4,9.1,6.8,86.5,981.4,1.7,0,0,0,0,0.5,0,0,6
350190566,KRAK‡W-BALICE,2016,11,3,6.6,5.9,0.7,6.2,2.7,82.4,988,0,0,0,1.2,0,0.3,0,0,0
350190566,KRAK‡W-BALICE,2016,11,4,5.4,2,-2.9,8,2.3,77.9,991.5,0,0,0,13.4,0,0,0,0,0
350190566,KRAK‡W-BALICE,2016,11,5,7.1,2,1.7,12.6,6.5,70.9,979.9,1,0,0,0.4,0,0,0,0,1.1
350190566,KRAK‡W-BALICE,2016,11,6,7.9,1.9,3.9,8.6,6.3,93.9,970.8,2.9,0,0,19.2,0,0,0,0,14.3
350190566,KRAK‡W-BALICE,2016,11,7,7.1,3.3,2.4,6.3,4.4,91,975.8,6,0,0,9.6,0,0,0,0,0.1
350190566,KRAK‡W-BALICE,2016,11,8,6,2.3,-0.7,6.1,3.1,85.1,981.7,11,0,0,8.5,0,0,0,0,0
350190566,KRAK‡W-BALICE,2016,11,9,7.8,2.3,0.6,3.4,1.4,94.4,979.7,12,0,0,24,0,0,0,0,0
350190566,KRAK‡W-BALICE,2016,11,10,7.4,1.8,-3.2,4.8,1.2,86.5,980.1,0.3,0,5.8,6.1,0,0,0,0,0
350190566,KRAK‡W-BALICE,2016,11,11,7.4,3.5,2.7,6.3,4,80.1,986.1,0,0,0,7.7,0,0,0,0,0.6
350190566,KRAK‡W-BALICE,2016,11,12,8,4.4,-0.2,3.3,0.6,89.8,993.6,0,0,0,2.7,0,0,19.3,0,0.6
350190566,KRAK‡W-BALICE,2016,11,13,7.5,3.4,-1.9,2,-0.1,82.1,996.9,0,0,0,4.2,0,0,4.7,1,0.1
350190566,KRAK‡W-BALICE,2016,11,14,6.4,1.5,-1.7,2.4,0.4,81.8,1004.3,0,6,0,7.5,0,0,0.2,0,0
350190566,KRAK‡W-BALICE,2016,11,15,6.4,2.1,-8,3.5,-1,84.3,1000.2,0,0.8,5.4,12.2,0,0,1.8,0,0.8
350190566,KRAK‡W-BALICE,2016,11,16,7.8,2.4,0.2,5.1,2.5,93.3,990.4,0,0,0,13.3,0,0,0.6,0,0.9
350190566,KRAK‡W-BALICE,2016,11,17,7,2,1.8,8.7,5.6,90.1,985.6,0,0,0,10.6,0,0,0,0,0
350190566,KRAK‡W-BALICE,2016,11,18,3.3,2.4,-0.2,13.3,5.8,84.4,983.3,5,0,0,12.9,0,0,0,0,0
350190566,KRAK‡W-BALICE,2016,11,19,7.4,2.5,2.1,12.9,8.4,90.1,983.7,6.6,0,0,15.8,0,0.8,0,0,2.8
350190566,KRAK‡W-BALICE,2016,11,20,6,2.4,2.5,14.3,7.3,94.1,987,0,0,1.5,11.6,0,0,0,0,0
350190566,KRAK‡W-BALICE,2016,11,21,2.8,3.1,3.6,19,9.6,80.6,987.9,12,0,0,6,0,0,0,0,0
350190566,KRAK‡W-BALICE,2016,11,22,0.1,3.4,3,15.3,7.7,85.9,990.2,10,0,0,7,0,0,0,0,0
350190566,KRAK‡W-BALICE,2016,11,23,1.3,2.4,1.3,12.3,5.4,88.6,993.2,16,0,0,17.4,0,0,0,0,0
350190566,KRAK‡W-BALICE,2016,11,24,6.4,1.4,0.3,7.8,5.3,93.4,992.6,18,0,0,24,0,0,0,0,0.5
350190566,KRAK‡W-BALICE,2016,11,25,7.9,3.1,1.1,7.4,4.5,96.1,993.5,2.2,0,1,23,0,0,0,0,0
350190566,KRAK‡W-BALICE,2016,11,26,7.5,2.3,-1.6,4.7,2.1,98.5,989,8,0,8.1,15.9,0,0.8,0,0,0.2
350190566,KRAK‡W-BALICE,2016,11,27,6.8,6.4,1.3,8.3,4.4,90,981.4,0.8,0,0,7.5,0,0,1.1,0,2.6
350190566,KRAK‡W-BALICE,2016,11,28,6.8,5.8,-1.5,2.3,-0.7,84.6,989.7,0,0,0,0,0,0,7.2,4,0.3
350190566,KRAK‡W-BALICE,2016,11,29,6.6,5.6,-9,-0.1,-2,85.4,999.9,0,0,0,0,0,0,6.5,3,0.1
350190566,KRAK‡W-BALICE,2016,11,30,7.5,6.3,-1.9,1.3,-0.4,78.6,995.8,0,0,0,8.7,0,0.5,10.3,2,1.7
350190566,KRAK‡W-BALICE,2015,11,1,4.4,1.4,-0.7,14.5,6.7,83.4,1007.9,3,0,8.7,8.3,0,0,0,0,0
350190566,KRAK‡W-BALICE,2015,11,2,2.1,2,-2.6,13.2,4,78.1,1002.5,5.2,0,0,17.6,0,0,0,0,0
350190566,KRAK‡W-BALICE,2015,11,3,1.5,1.3,-5.1,13.4,2.9,78.9,996.5,5.8,0,3.3,16.2,4.5,0,0,0,0
350190566,KRAK‡W-BALICE,2015,11,4,4,1,-1.8,12.6,3.7,79.9,992.7,0,0,2.2,15.8,6,0,0,0,0
350190566,KRAK‡W-BALICE,2015,11,5,3.5,1.4,-3.6,9.7,1.2,89.8,993.8,0,0,11.9,9.2,2.9,0,0,0,0
350190566,KRAK‡W-BALICE,2015,11,6,7.1,1.6,-0.8,10,2.5,92.8,995.9,0,0,15.5,7.1,1.5,0,0,0,0
350190566,KRAK‡W-BALICE,2015,11,7,7.8,1.6,1.2,11.9,7.1,93.3,995.4,0,0,4.7,19.3,0,0,0,0,0.3
350190566,KRAK‡W-BALICE,2015,11,8,3.5,5.1,9.4,17.1,12.3,78,996.3,0,0,1.3,5.8,0,4.3,0,0,0
350190566,KRAK‡W-BALICE,2015,11,9,6.4,2.8,1.4,12.8,7.7,91.6,992,0,0,0.8,14.6,0,0.3,0,0,3.1
350190566,KRAK‡W-BALICE,2015,11,10,8,7.5,11.2,14.5,12.7,83.9,988.3,0,0,0,5,0,1.6,0,0,0.7
350190566,KRAK‡W-BALICE,2015,11,11,7.8,6.4,12,14.6,13.5,85.9,991.6,0,0,0,6.9,0,0.2,0,0,0.1
350190566,KRAK‡W-BALICE,2015,11,12,6.6,4.5,8.6,13.5,10.8,83.3,995.4,1,0,4.2,0,0,0,0,0,0
350190566,KRAK‡W-BALICE,2015,11,13,5,1.4,1.7,13.4,7.2,85,996.1,6.4,0,1.2,13.1,0,0,0,0,2.5
350190566,KRAK‡W-BALICE,2015,11,14,5.4,6.1,5.5,10.3,7.5,73,992.1,0,0,0,4.5,0,3.2,0,0,0
350190566,KRAK‡W-BALICE,2015,11,15,7.9,5.4,4.3,9.5,6.8,86.6,982.1,0,0,0,6.2,0,2.9,0,0,12.7
350190566,KRAK‡W-BALICE,2015,11,16,8,2.3,6.5,11.1,7.9,90.8,984.9,0,0,2.6,10.8,0,0,0,0,1.3
350190566,KRAK‡W-BALICE,2015,11,17,7.5,2.6,7,11.6,9.4,88.5,984.4,0,0,3.7,9.8,0,0,0,0,0
350190566,KRAK‡W-BALICE,2015,11,18,6.9,6.6,8.3,15.4,11.1,78,981.3,0,0,0,0,0,5.9,0,0,6.4
350190566,KRAK‡W-BALICE,2015,11,19,5.8,6.1,3.4,12.2,9.6,78.9,983.5,0,0,0,0,0,2.8,0,0,13.9
350190566,KRAK‡W-BALICE,2015,11,20,7.6,3,5.8,11.7,7.2,92.8,974.8,0,0,0,9.3,0,0,0,0,8.6
350190566,KRAK‡W-BALICE,2015,11,21,8,1.9,2.8,6.1,3.6,95.3,967,0,0,1.4,11.7,0,0,0,0,0
350190566,KRAK‡W-BALICE,2015,11,22,7.5,2.4,1.3,4.4,2.5,91.9,972.8,0,0,0,17.5,0,0,0,0,0.1
350190566,KRAK‡W-BALICE,2015,11,23,5.4,2.8,-1.4,4.4,1.7,83.6,989.3,0,0,0,9.2,0,0,5.1,0,0.3
350190566,KRAK‡W-BALICE,2015,11,24,3,1.6,-3.3,3.1,-0.4,86.8,995.1,0,5,0,12.2,0,0,0.2,2,0
350190566,KRAK‡W-BALICE,2015,11,25,2.4,1.5,-7.1,4.1,-2.1,86.3,983.7,0,8,0,16.7,0,0,0,0,0
350190566,KRAK‡W-BALICE,2015,11,26,6.9,1.8,-5.3,0,-2.7,95.1,983.7,0,11.3,0,24,0,0,1.3,0,0.1
350190566,KRAK‡W-BALICE,2015,11,27,7.9,3.1,-1.5,0.6,-0.1,90.9,989.9,0,0,0,24,0,0,3.5,0,0
350190566,KRAK‡W-BALICE,2015,11,28,7.8,3.1,-1.1,1.8,0.1,88.8,982.4,0,0,0,21.9,0,0,3.2,0,0.4
350190566,KRAK‡W-BALICE,2015,11,29,6.3,5.6,0.3,6.2,3.1,83.1,985.6,0,0,0,4.3,0,0.5,0.4,0,3.2
350190566,KRAK‡W-BALICE,2015,11,30,7,7.8,3,8.5,5.9,75.9,983.1,0,0,0,0.8,0,6,0,0,2.1
350190566,KRAK‡W-BALICE,2014,11,1,5.3,0.6,0.5,11.9,5.2,85.8,995.8,5.8,0,2.1,17.1,2.7,0,0,0,0
350190566,KRAK‡W-BALICE,2014,11,2,0.9,1.5,7,14.8,7.1,87.1,992.3,1.3,0,7.5,13.7,2.8,0,0,0,0
350190566,KRAK‡W-BALICE,2014,11,3,4.8,0.8,8.1,14.9,5.7,87,986.2,6,0,9.4,11.5,0,0,0,0,0
350190566,KRAK‡W-BALICE,2014,11,4,3.3,2.8,9,17.2,9.1,72.6,978.6,9,0,0,7.8,0,0,0,0,0
350190566,KRAK‡W-BALICE,2014,11,5,0.5,3.3,8.4,20.2,14.2,57,977.7,0,0,0,0,0,0,0,0,0
350190566,KRAK‡W-BALICE,2014,11,6,6.5,2.1,8.1,20.3,13,75,983,0,0,0,5.5,0,0,0,0,0
350190566,KRAK‡W-BALICE,2014,11,7,7.1,1.6,8.1,16.3,13.1,83.9,982.6,8,0,0,6.8,0,0,0,0,9.9
350190566,KRAK‡W-BALICE,2014,11,8,8,1.8,6,14.4,10.9,91.6,986.6,0,0,0,19,0,0,0,0,3.7
350190566,KRAK‡W-BALICE,2014,11,9,8,3.3,6.1,11.9,10.1,94.3,987.4,0,0,2.8,21.2,0,0,0,0,0
350190566,KRAK‡W-BALICE,2014,11,10,5.8,1.6,5,19.5,11.2,86.4,987.2,0,0,8.3,9.2,0,0,0,0,0
350190566,KRAK‡W-BALICE,2014,11,11,3.9,2.6,7.5,16.7,10.3,87.4,987,6,0,0,14.1,0,0,0,0,0
350190566,KRAK‡W-BALICE,2014,11,12,5.4,3,6,13.7,8.9,89.4,982.9,15,0,0,18.5,0,0,0,0,0
350190566,KRAK‡W-BALICE,2014,11,13,7.3,2,5.4,9.8,6.9,91.9,985.3,17,0,0,24,0,0,0,0,0
350190566,KRAK‡W-BALICE,2014,11,14,8,2.8,3.8,9.6,8.3,90.4,988.6,7,0,0,24,0,0,0,0,0
350190566,KRAK‡W-BALICE,2014,11,15,8,4.4,4.2,9.1,6.9,94.4,985.6,3.9,0,5.2,18.8,0,0,0,0,0
350190566,KRAK‡W-BALICE,2014,11,16,7.4,3.8,4.1,10.4,7.3,90.9,980.8,0,0,0,24,0,0,0,0,2.2
350190566,KRAK‡W-BALICE,2014,11,17,7.5,3.4,3.5,8.8,6.2,93.4,983.1,0,0,2.3,21.8,0,0,0,0,0
350190566,KRAK‡W-BALICE,2014,11,18,8,5.9,2.6,7.3,5.5,92.1,983.4,8,0,1.6,18.6,0,0,0,0,4.3
350190566,KRAK‡W-BALICE,2014,11,19,8,3.1,2.3,5.5,4.8,95.3,987.7,0,0,0.8,23.2,0,0,0,0,6.7
350190566,KRAK‡W-BALICE,2014,11,20,8,2,2.3,4.3,3.8,92.8,995.5,0,0,0,24,0,0,0,0,0.4
350190566,KRAK‡W-BALICE,2014,11,21,8,1.4,-0.8,3.6,3.1,90.5,997,0,0,0,19.3,0,0,0,0,0.1
350190566,KRAK‡W-BALICE,2014,11,22,7.9,1.9,0.7,4.4,3.1,87.8,998.2,0,0,0,21.7,0,0,0,0,0
350190566,KRAK‡W-BALICE,2014,11,23,7.4,3.6,2.2,5.1,3.1,87.4,1001,0,0,0,17,0,0,0,0,0
350190566,KRAK‡W-BALICE,2014,11,24,5.6,2.9,0.7,3.9,1,87,997.9,0,7,0,15,0,0,0,0,7.6
350190566,KRAK‡W-BALICE,2014,11,25,7.4,2.9,-1.6,5.8,3.4,91.5,998,0,0,0,24,0,0,0,0,0.2
350190566,KRAK‡W-BALICE,2014,11,26,7.8,1.8,-4,5.4,2.9,92.8,996.1,5,0,3.7,20.3,0,0,0,0,0
350190566,KRAK‡W-BALICE,2014,11,27,7.5,4,-4.1,2.2,1.1,91.6,991.8,0.8,0,1.3,22.7,0,0,0,0,0
350190566,KRAK‡W-BALICE,2014,11,28,7.8,5.1,,1.2,-0.9,86.4,992.4,0,0,0,24,0,0,0,0,0
350190566,KRAK‡W-BALICE,2014,11,29,7.9,6,,-1.5,-3.2,82.8,995.3,0,0,0,5,0,0,0,0,0
350190566,KRAK‡W-BALICE,2014,11,30,8,6.4,,-1.9,-3.2,83,993.7,0,0,0,7.7,0,0,0.5,0,0
350190566,KRAK‡W-BALICE,2013,11,1,4.1,1.5,1.8,14.9,5.8,84.8,992,0,5,0,14,0,0,0,0,0
350190566,KRAK‡W-BALICE,2013,11,2,6,2.1,4.7,15,8.5,86.1,982.7,0,0,0,12.8,0,0,0,0,0.4
350190566,KRAK‡W-BALICE,2013,11,3,6.8,3.6,0.9,13.5,9.7,95.3,976.7,0.8,0,0,2,0,0.8,0,0,9.7
350190566,KRAK‡W-BALICE,2013,11,4,5.1,2.1,4.5,12.4,7.8,72.8,975.2,0,0,0,0,0,0,0,0,0.8
350190566,KRAK‡W-BALICE,2013,11,5,7.6,1.6,7.2,11.4,6.9,96.3,969.4,0,0,0,15.2,0,0,0,0,14.7
350190566,KRAK‡W-BALICE,2013,11,6,7,3.6,3.7,8.4,4.9,92.5,972.2,0,0,3.1,7.6,0,0,0,0,6
350190566,KRAK‡W-BALICE,2013,11,7,7.6,3,4.1,13.4,9.4,86.3,981.1,0,0,0,0,0,0,0,0,0
350190566,KRAK‡W-BALICE,2013,11,8,4.1,2.4,3.6,18,11.5,81,984.2,0,0,0,3.7,0,0,0,0,0
350190566,KRAK‡W-BALICE,2013,11,9,6.8,2.5,2.2,12.5,7.5,96.8,983,0,0,0,18.6,0,0,0,0,16
350190566,KRAK‡W-BALICE,2013,11,10,6.1,1.9,-1.2,10.2,6.7,92.5,980.3,0,0,0,8,0,0,0,0,0.3
350190566,KRAK‡W-BALICE,2013,11,11,7.4,2,1.2,7.4,5.6,89,994.8,0,0,1,6.7,0,0,0,0,0
350190566,KRAK‡W-BALICE,2013,11,12,6.8,2.8,-0.9,5.1,3.4,93.6,1000.1,0,0,1.7,16.2,0,0,0,0,0
350190566,KRAK‡W-BALICE,2013,11,13,6,2.5,0.6,5,2.9,98.1,997.2,0,0,2.8,21.2,0,0,0,0,0.3
350190566,KRAK‡W-BALICE,2013,11,14,4.4,1.8,0.3,7,3.4,90.1,995.3,0,0,1.1,15.2,0,0,0,0,0
350190566,KRAK‡W-BALICE,2013,11,15,7.3,1.5,1.1,4.3,2,95.1,997.4,0,0,0,24,0,0,0,0,0
350190566,KRAK‡W-BALICE,2013,11,16,7.4,3.6,-2.2,4.8,3,98.1,999.8,0,0,1.1,22.9,0,0,0,0,0
350190566,KRAK‡W-BALICE,2013,11,17,6.8,2.6,0.4,5.3,2.7,98,996.8,0,0,5.9,16.4,0,0,0,0,0
350190566,KRAK‡W-BALICE,2013,11,18,5,3.6,5.4,7.7,3.5,93.1,990,0,0,0,17.1,0,0,0,0,0
350190566,KRAK‡W-BALICE,2013,11,19,2.6,2.6,5,13.5,3.8,88.4,981.9,0,0,0.8,14.3,0,0,0,0,2.7
350190566,KRAK‡W-BALICE,2013,11,20,6.5,2.1,5.8,13,6.6,90.9,974.4,0,0,0,13.5,0,0,0,0,8.5
350190566,KRAK‡W-BALICE,2013,11,21,7.5,2.9,5.1,8.6,6.5,96.4,975.5,0,0,0,24,0,0,0,0,0.7
350190566,KRAK‡W-BALICE,2013,11,22,8,2.1,0.1,7.2,6.1,99.6,978.3,0,0,1,23,0,0,0,0,0
350190566,KRAK‡W-BALICE,2013,11,23,7.9,2.1,0,8.6,7.3,98.6,983.5,0,0,0,24,0,0,0,0,0.7
350190566,KRAK‡W-BALICE,2013,11,24,8,4.3,-3.8,8.8,7.2,96.4,980.5,0,0,0,15.8,0,0,0,0,3.1
350190566,KRAK‡W-BALICE,2013,11,25,7.1,5.8,-4.3,5.1,1.2,84,985.3,0,0,0,1.7,0,0,2.6,0,1.1
350190566,KRAK‡W-BALICE,2013,11,26,6.9,3,1.1,1.7,0.5,79.3,994.8,0,0,0,0,0,0,5.2,1,0
350190566,KRAK‡W-BALICE,2013,11,27,4.8,2.5,0.6,1,-1.9,79.6,1000.9,0,0,0,9.2,0,0,0,0,0
350190566,KRAK‡W-BALICE,2013,11,28,7.3,7.5,,2,0.1,85.3,993.5,1.9,0,0,5.1,0,1.9,0,0,1.6
350190566,KRAK‡W-BALICE,2013,11,29,7.5,4.6,,3.8,2.5,86.1,989,0,0,0,2.7,0,0,0,0,0.2
350190566,KRAK‡W-BALICE,2013,11,30,7.3,3,,4.2,2.2,85,986.4,0,0,0,2.8,0,0,0,0,0.5
350190566,KRAK‡W-BALICE,2012,11,1,4.5,3.3,-1.9,9.3,4.1,84.9,972.3,0,0,0,5.5,0,0,0,0,1.6
350190566,KRAK‡W-BALICE,2012,11,2,5.6,2.9,4.5,11.8,6.7,88.3,976.1,0,0,0,14.3,0,0,0,0,0.1
350190566,KRAK‡W-BALICE,2012,11,3,4,1.4,-1.6,15.6,5.1,86,980.1,6,0,0,17.8,0,0,0,0,0
350190566,KRAK‡W-BALICE,2012,11,4,6,2,1.3,12.8,7.1,86.8,979.1,14,0,0,13.7,0,0,0,0,2.5
350190566,KRAK‡W-BALICE,2012,11,5,7.4,4,5.8,12,8.6,89.4,971.5,4.8,0,0,6.9,0,0,0,0,10.5
350190566,KRAK‡W-BALICE,2012,11,6,6.3,5.3,3.7,7.9,5.8,82.5,981.7,0,0,0,0,0,0.2,0,0,1.2
350190566,KRAK‡W-BALICE,2012,11,7,6.3,6.4,1.1,6.8,4.5,86.6,988.5,0,0,0,5.9,0,5.1,0,0,0.8
350190566,KRAK‡W-BALICE,2012,11,8,7.3,5.5,6.4,10.4,8,79.5,990.1,0,0,0,3.8,0,1,0,0,0
350190566,KRAK‡W-BALICE,2012,11,9,7.4,2.9,5.1,8.4,6.8,88.8,989.4,0,0,3.3,13.9,0,0,0,0,0
350190566,KRAK‡W-BALICE,2012,11,10,4.9,3,1.5,12.3,5.8,81.8,987.6,0,0,7.5,2.4,0,0,0,0,0
350190566,KRAK‡W-BALICE,2012,11,11,4.9,2.4,2.3,17.3,8.4,71.8,984.1,0,0,0,0,0,0,0,0,0
350190566,KRAK‡W-BALICE,2012,11,12,7.5,1.1,7.1,11.2,8.4,87.4,994.2,0,0,8.1,10.5,0,0,0,0,1.9
350190566,KRAK‡W-BALICE,2012,11,13,6.6,1.9,4.5,8.4,6.3,87.4,1003.1,0,0,1.3,17.4,0,0,0,0,0
350190566,KRAK‡W-BALICE,2012,11,14,2.4,3,-2.4,7.5,2.4,82.3,1004.2,0,0,1.2,14.8,0,0,0,0,0
350190566,KRAK‡W-BALICE,2012,11,15,3.3,0.8,-4.5,6.9,-0.7,93.1,997.7,0,0,14.8,9.3,0,0,0,0,0
350190566,KRAK‡W-BALICE,2012,11,16,7.6,1.3,-3.8,4.8,-1.1,97,995.3,0,0,21.5,2.5,0,0,0,0,0
350190566,KRAK‡W-BALICE,2012,11,17,8,3.3,-1.8,1.7,-0.1,98,990.4,0,0,24,0,0,0,0,0,0
350190566,KRAK‡W-BALICE,2012,11,18,5.6,1.6,-0.1,7.3,2.8,96.9,987,0,0,6.1,17.9,0,0,0,0,0
350190566,KRAK‡W-BALICE,2012,11,19,7.8,2,0.7,7.8,4.8,93.9,992.3,0,0,8.8,15.3,0,0,0,0,0
350190566,KRAK‡W-BALICE,2012,11,20,8,4.3,4.3,6.3,5.1,94.6,994.6,0,0,9.5,14.5,0,0,0,0,0
350190566,KRAK‡W-BALICE,2012,11,21,8,4.3,2.3,4.4,3.4,98,994.9,0,0,15,9,0,0,0,0,1
350190566,KRAK‡W-BALICE,2012,11,22,7.8,1.6,3.5,6.8,5,96.5,995.7,0,0,1.7,22.3,0,0,0,0,0
350190566,KRAK‡W-BALICE,2012,11,23,8,1.8,5,7.3,6.2,95.9,994.8,0,0,8.7,15.3,0,0,0,0,0.5
350190566,KRAK‡W-BALICE,2012,11,24,7,0.5,2.7,8,5.3,96.8,993.7,0,0,17.8,6.2,0,0,0,0,0
350190566,KRAK‡W-BALICE,2012,11,25,7,0.9,1.4,8.1,4.3,94.1,990.2,0,0,8.1,15.9,0,0,0,0,0
350190566,KRAK‡W-BALICE,2012,11,26,5.1,1.8,0.1,8.3,4.1,94,986.8,0,0,7,17,0,0,0,0,0
350190566,KRAK‡W-BALICE,2012,11,27,6.6,2,2.4,11,6.4,91,979.5,0,0,0,24,0,0,0,0,0
350190566,KRAK‡W-BALICE,2012,11,28,5.6,2.9,3.5,10.5,6.9,90.4,974.5,0,0,0,20.1,0,0,0,0,0.5
350190566,KRAK‡W-BALICE,2012,11,29,6.8,2.8,3.1,11.5,7.7,88.8,964.2,0,0,0,9.3,0,0,0,0,1.6
350190566,KRAK‡W-BALICE,2012,11,30,7.5,5.6,2.6,8.7,3.3,81.9,973.6,0,0,0,5.8,0,0.6,0.7,0,1.6
350190566,KRAK‡W-BALICE,2011,11,1,2.8,2.4,5.9,15.5,9.6,88,993.2,9.4,0,1.9,14.9,0,0,0,0,0
350190566,KRAK‡W-BALICE,2011,11,2,5.5,1.8,4.1,10,6.1,98.9,992.1,0.4,0,17.5,6.6,0,0,0,0,0.2
350190566,KRAK‡W-BALICE,2011,11,3,3.3,2.3,1.3,14.2,6,91.3,988.1,0,0,10.4,7.8,1.8,0,0,0,0
350190566,KRAK‡W-BALICE,2011,11,4,0.6,2.9,-3,14.8,4.6,86.8,986.1,0,0,5.6,12.9,1.8,0,0,0,0
350190566,KRAK‡W-BALICE,2011,11,5,0.3,3.3,0.1,16.8,7.2,84,987.4,9,0,0,16.5,2,0,0,0,0
350190566,KRAK‡W-BALICE,2011,11,6,0,4,2.8,14.2,6.8,80.3,992.3,0,0,0,9.8,0,0,0,0,0
350190566,KRAK‡W-BALICE,2011,11,7,0.8,1.4,-2.7,11.4,3,91.4,995.6,14.3,0,2.3,18.3,2.2,0,0,0,0
350190566,KRAK‡W-BALICE,2011,11,8,0,1.9,-2.2,15.4,4.6,85.9,996.6,15,0,0,19.8,4.3,0,0,0,0
350190566,KRAK‡W-BALICE,2011,11,9,1.9,1,-1.5,15.5,5.2,88.4,995.3,6.1,0,4.9,14.6,0,0,0,0,0
350190566,KRAK‡W-BALICE,2011,11,10,7.6,5.4,2,5.8,3.2,80.1,998.4,0,0,0,5.1,0,0,0,0,0
350190566,KRAK‡W-BALICE,2011,11,11,3.9,5.8,-0.8,4.7,1,72.1,1004.7,0,2,0,0,0,0,0,0,0
350190566,KRAK‡W-BALICE,2011,11,12,0,2.1,-6,5.3,-1.7,83.8,1008.3,0,9,0,17.2,0,0,0,0,0
350190566,KRAK‡W-BALICE,2011,11,13,6.3,3.1,-5.1,-0.4,-2,96.4,1007.6,0,11,0,24,0,0,0,0,0
350190566,KRAK‡W-BALICE,2011,11,14,6.1,1.9,-2.9,5.1,-0.7,93.8,999.3,0,4.7,1.7,22.3,0,0,0,0,0
350190566,KRAK‡W-BALICE,2011,11,15,7.3,2.5,-5,-0.1,-1.5,96.9,996.7,0,1.7,4.3,19.8,0,0,0,0,0
350190566,KRAK‡W-BALICE,2011,11,16,7,1.9,-1,2.9,0.6,96.3,998,0,0,2.7,21.3,0,0,0.6,0,0
350190566,KRAK‡W-BALICE,2011,11,17,6.3,1.8,-2.8,6,-0.3,94.5,996,0,6,5.3,18.8,0,0,0,0,0
350190566,KRAK‡W-BALICE,2011,11,18,8,2.8,-4.3,1.8,0.5,87.5,995.9,0,0,0,24,0,0,0,0,0
350190566,KRAK‡W-BALICE,2011,11,19,6.4,1.6,-2.3,2.6,0.3,89.4,996,0,0,0,24,0,0,0,0,0
350190566,KRAK‡W-BALICE,2011,11,20,3.1,0.9,-6.1,5.2,-1.6,92,996.4,0,0,0,24,0,0,0,0,0
350190566,KRAK‡W-BALICE,2011,11,21,7.5,0.9,-2.4,4.7,0.9,87.6,994.5,0,0,0,23,0,0,0,0,0
350190566,KRAK‡W-BALICE,2011,11,22,7.5,2.3,-0.3,1.7,0.5,90.1,995.5,0,0,0,24,0,0,0.6,0,0
350190566,KRAK‡W-BALICE,2011,11,23,7,1.6,-4.1,0.8,-0.7,93.3,1000.7,0,6,0,24,0,0,0,0,0
350190566,KRAK‡W-BALICE,2011,11,24,7.6,2.9,0.1,3.1,1.4,90.5,1003.6,0,0,0,24,0,0,0,0,0
350190566,KRAK‡W-BALICE,2011,11,25,6.9,2.4,-3.1,2.4,-0.6,99.4,999.9,0,1.5,16,8,0,0,0,0,0
350190566,KRAK‡W-BALICE,2011,11,26,5.9,6,-3,5.5,1.8,87.3,997,0,0,0,3.3,0,0,0,0,0
350190566,KRAK‡W-BALICE,2011,11,27,4.4,5,0.3,10.2,5.1,69.3,989.7,0,0,0,0,0,3.1,0,0,0
350190566,KRAK‡W-BALICE,2011,11,28,2.8,6,-0.8,8.9,3.7,76,996,0,2,0,5.3,0,1.3,0,0,0
350190566,KRAK‡W-BALICE,2011,11,29,0.4,0.9,-7,7.2,-1.7,87.6,997.4,0,15,0,20.8,3.2,0,0,0,0
350190566,KRAK‡W-BALICE,2011,11,30,3.9,2.6,-8,6.4,0.1,90.6,996.7,0,9,0,21,0,0,0,0,0
350190566,KRAK‡W-BALICE,2010,11,1,3.3,2.5,1.9,19.8,10.1,72,983.6,9,0,0,0,0,0,0,0,0
350190566,KRAK‡W-BALICE,2010,11,2,6.8,1.8,5.7,17.5,9.9,83.8,985.3,15,0,0,10.3,0,0,0,0,0
350190566,KRAK‡W-BALICE,2010,11,3,5.3,2.4,4,12.7,8.5,87.6,987.3,9,0,0,21.8,0,0,0,0,1.4
350190566,KRAK‡W-BALICE,2010,11,4,7.5,8,7.5,15.9,13.6,74.5,989.9,0,0,0,0,0,9.8,0,0,0.1
350190566,KRAK‡W-BALICE,2010,11,5,7,9.1,14,16.2,15.2,67.4,988.9,0,0,0,0,0,8.6,0,0,0
350190566,KRAK‡W-BALICE,2010,11,6,7.5,7.5,9.4,15.8,12.7,73.5,982.5,0,0,0,1.3,0,7.2,0,0,3.5
350190566,KRAK‡W-BALICE,2010,11,7,7.6,3.1,6.8,9.4,7.8,94,977,0,0,0,15.5,0,0,0,0,0.3
350190566,KRAK‡W-BALICE,2010,11,8,7,2.8,6.6,13.1,9.8,88.3,961,0,0,0,6.3,0,0,0,0,0.4
350190566,KRAK‡W-BALICE,2010,11,9,6.3,2.9,6.5,13.8,9.7,69.8,957.3,0,0,0,2.8,0,0,0,0,2
350190566,KRAK‡W-BALICE,2010,11,10,6.5,2.8,5.5,13.2,8.7,85.4,963.8,7,0,0,10.8,0,0,0,0,0.1
350190566,KRAK‡W-BALICE,2010,11,11,2.8,3.4,-0.2,10.3,3.3,90.3,978.4,16,0,0,14.5,0,0.3,0,0,0.2
350190566,KRAK‡W-BALICE,2010,11,12,5.6,5.9,-1.8,11.3,7.9,72.5,970.3,3.8,0,0,2.1,0,2.6,0,0,3.7
350190566,KRAK‡W-BALICE,2010,11,13,5.1,5,8.8,17.4,11.8,75.4,974.1,4,0,0,0,0,1.8,0,0,0.1
350190566,KRAK‡W-BALICE,2010,11,14,1.1,1.1,2.2,19.8,8.5,84.8,979.4,14,0,0,9,0,0,0,0,0
350190566,KRAK‡W-BALICE,2010,11,15,2.5,0.8,0.9,16.6,7.1,88.4,983.9,14,0,0,16.7,0,0,0,0,0
350190566,KRAK‡W-BALICE,2010,11,16,5.9,3.8,3.7,10.2,7,96.3,985.7,9.8,0,3.4,20.6,0,0,0,0,0.1
350190566,KRAK‡W-BALICE,2010,11,17,8,3,6.8,7.6,7,98,983.3,0.1,0,0,24,0,0,0,0,0.2
350190566,KRAK‡W-BALICE,2010,11,18,8,1.1,6.4,7.9,6.9,97.5,981.6,0,0,6.2,17.8,0,0,0,0,5.6
350190566,KRAK‡W-BALICE,2010,11,19,5.8,1.5,3.2,12.4,7.4,92.5,987.2,0,0,5.6,9.9,0,0,0,0,0
350190566,KRAK‡W-BALICE,2010,11,20,5.3,3.1,1.2,9.1,4.5,90.9,989.2,3.8,0,2.2,14.3,0,0,0,0,0
350190566,KRAK‡W-BALICE,2010,11,21,6.5,3,-1,7.6,4.4,94.3,985.2,0,0,1.3,17.6,0,0,0,0,0.6
350190566,KRAK‡W-BALICE,2010,11,22,7.8,4.5,3.8,9.9,6.9,88,973,0,0,0,4.5,0,0,0,0,18.8
350190566,KRAK‡W-BALICE,2010,11,23,7.5,5.3,4,7.3,5.3,85.8,966.9,0,0,1.6,2.3,0,0,0,0,0
350190566,KRAK‡W-BALICE,2010,11,24,7.6,6.4,0.3,4.6,2.5,82.9,970.1,0,0,0,0,0,0.5,6.6,0,1
350190566,KRAK‡W-BALICE,2010,11,25,5.1,3.6,-1.9,1.7,-0.3,88.1,976.1,0,4,0,6.8,0,0,0.5,0,0
350190566,KRAK‡W-BALICE,2010,11,26,1.3,2.1,-6.5,5,-2,87.8,974.7,0,14,0,20.2,0,0,0,0,0
350190566,KRAK‡W-BALICE,2010,11,27,7.5,4.3,-3.4,0.1,-1.2,95.9,974.8,0,7.9,0,24,0,0,11.4,0,1.8
350190566,KRAK‡W-BALICE,2010,11,28,6.5,3.3,-6.2,-0.5,-2.2,95.1,982.1,0,0,6.2,17.8,0,0,3.2,3,5.6
350190566,KRAK‡W-BALICE,2010,11,29,8,5.8,-2.5,-0.3,-1.6,95,968.9,0,0,0,8.1,0,0,24,14,2.1
350190566,KRAK‡W-BALICE,2010,11,30,6.6,4.3,-10.3,-2.5,-8.6,83.5,985.4,0,0,0,11.3,0,0,12.8,15,0
